Filename,SHA256,MD5
/usr/bin/stun.exe,e3b0c44298fc1c149afbf4c8996fb92427ae41e4649b934ca495991b7852b855,d41d8cd98f00b204e9800998ecf8427e
/usr/bin/stun.exe,e3b0c44298fc1c149afbf4c8996fb92427ae41e4649b934ca495991b7852b855,d41d8cd98f00b204e9800998ecf8427e
/usr/bin/zmore,e3b0c44298fc1c149afbf4c8996fb92427ae41e4649b934ca495991b7852b855,d41d8cd98f00b204e9800998ecf8427e
/usr/bin/stun.exe,e3b0c44298fc1c149afbf4c8996fb92427ae41e4649b934ca495991b7852b855,d41d8cd98f00b204e9800998ecf8427e
/usr/bin/zmore,e3b0c44298fc1c149afbf4c8996fb92427ae41e4649b934ca495991b7852b855,d41d8cd98f00b204e9800998ecf8427e
/usr/bin/stun.exe,e3b0c44298fc1c149afbf4c8996fb92427ae41e4649b934ca495991b7852b855,d41d8cd98f00b204e9800998ecf8427e
/usr/bin/zmore,e3b0c44298fc1c149afbf4c8996fb92427ae41e4649b934ca495991b7852b855,d41d8cd98f00b204e9800998ecf8427e
/usr/bin/stun.exe,e3b0c44298fc1c149afbf4c8996fb92427ae41e4649b934ca495991b7852b855,d41d8cd98f00b204e9800998ecf8427e
/usr/bin/zmore,e3b0c44298fc1c149afbf4c8996fb92427ae41e4649b934ca495991b7852b855,d41d8cd98f00b204e9800998ecf8427e
/usr/bin/stun.exe,e3b0c44298fc1c149afbf4c8996fb92427ae41e4649b934ca495991b7852b855,d41d8cd98f00b204e9800998ecf8427e
/usr/bin/zmore,e3b0c44298fc1c149afbf4c8996fb92427ae41e4649b934ca495991b7852b855,d41d8cd98f00b204e9800998ecf8427e
/usr/bin/zmore,e3b0c44298fc1c149afbf4c8996fb92427ae41e4649b934ca495991b7852b855,d41d8cd98f00b204e9800998ecf8427e
